{
  "scenario": 2,
  "version": 7,
  "complexity": {
    "level": "CUSTOM",
    "Z2_THRESHOLD": 0.25,
    "Z3_THRESHOLD": 0.025,
    "description": "Custom - Z2≤0.2500, Z3≤0.025000"
  },
  "timestamp": "2026-03-26T01:43:33.504650",
  "run_config": {
    "capacity_flexibility": false,
    "flexibility_min_req": 3,
    "z2_threshold": 0.25,
    "z3_threshold": 0.025,
    "run_label": "MEDIUM_TOL0_exact"
  },
  "constraint_thresholds": {
    "Z2": 0.25,
    "Z3": 0.025
  },
  "scenario_info": {
    "personnel_count": 30,
    "days": 21,
    "num_shifts": 5,
    "shift_durations": [
      8,
      5,
      4,
      3,
      4
    ],
    "contract_hours": {
      "P1": 40,
      "P2": 36,
      "P3": 38,
      "P4": 38,
      "P5": 42,
      "P6": 40,
      "P7": 42,
      "P8": 36,
      "P9": 40,
      "P10": 36,
      "P11": 38,
      "P12": 40,
      "P13": 36,
      "P14": 36,
      "P15": 40,
      "P16": 40,
      "P17": 38,
      "P18": 40,
      "P19": 42,
      "P20": 36,
      "P21": 42,
      "P22": 40,
      "P23": 40,
      "P24": 36,
      "P25": 42,
      "P26": 40,
      "P27": 36,
      "P28": 36,
      "P29": 42,
      "P30": 40
    }
  },
  "ga": {
    "best_objectives": [
      71.41941391941393,
      0.0
    ],
    "best_constraints": [
      0.23750000000000004,
      0.005421386865068185
    ],
    "constraints_satisfied": [
      true,
      true
    ],
    "elapsed_time": 648.7311737537384,
    "generations": 500,
    "p_shift_final": 0.08,
    "p_swap_final": 0.08,
    "p_blockswap_final": 0.05,
    "individual_satisfaction": {
      "P1": 56.25,
      "P2": 78.57,
      "P3": 76.92,
      "P4": 71.43,
      "P5": 75.0,
      "P6": 75.0,
      "P7": 61.54,
      "P8": 76.92,
      "P9": 56.25,
      "P10": 78.57,
      "P11": 75.0,
      "P12": 71.43,
      "P13": 76.92,
      "P14": 75.0,
      "P15": 73.33,
      "P16": 69.23,
      "P17": 69.23,
      "P18": 76.92,
      "P19": 80.0,
      "P20": 75.0,
      "P21": 68.75,
      "P22": 62.5,
      "P23": 61.54,
      "P24": 66.67,
      "P25": 64.29,
      "P26": 76.92,
      "P27": 78.57,
      "P28": 56.25,
      "P29": 78.57,
      "P30": 80.0
    },
    "working_hours": {
      "P1": {
        "assigned_shifts": 13,
        "worked_hours": 60,
        "contract_hours": 120.0,
        "fulfillment_rate": 50.0
      },
      "P2": {
        "assigned_shifts": 17,
        "worked_hours": 86,
        "contract_hours": 108.0,
        "fulfillment_rate": 79.63
      },
      "P3": {
        "assigned_shifts": 16,
        "worked_hours": 87,
        "contract_hours": 114.0,
        "fulfillment_rate": 76.32
      },
      "P4": {
        "assigned_shifts": 14,
        "worked_hours": 64,
        "contract_hours": 114.0,
        "fulfillment_rate": 56.14
      },
      "P5": {
        "assigned_shifts": 13,
        "worked_hours": 72,
        "contract_hours": 126.0,
        "fulfillment_rate": 57.14
      },
      "P6": {
        "assigned_shifts": 14,
        "worked_hours": 73,
        "contract_hours": 120.0,
        "fulfillment_rate": 60.83
      },
      "P7": {
        "assigned_shifts": 12,
        "worked_hours": 59,
        "contract_hours": 126.0,
        "fulfillment_rate": 46.83
      },
      "P8": {
        "assigned_shifts": 15,
        "worked_hours": 75,
        "contract_hours": 108.0,
        "fulfillment_rate": 69.44
      },
      "P9": {
        "assigned_shifts": 14,
        "worked_hours": 64,
        "contract_hours": 120.0,
        "fulfillment_rate": 53.33
      },
      "P10": {
        "assigned_shifts": 16,
        "worked_hours": 71,
        "contract_hours": 108.0,
        "fulfillment_rate": 65.74
      },
      "P11": {
        "assigned_shifts": 13,
        "worked_hours": 61,
        "contract_hours": 114.0,
        "fulfillment_rate": 53.51
      },
      "P12": {
        "assigned_shifts": 17,
        "worked_hours": 88,
        "contract_hours": 120.0,
        "fulfillment_rate": 73.33
      },
      "P13": {
        "assigned_shifts": 14,
        "worked_hours": 73,
        "contract_hours": 108.0,
        "fulfillment_rate": 67.59
      },
      "P14": {
        "assigned_shifts": 15,
        "worked_hours": 82,
        "contract_hours": 108.0,
        "fulfillment_rate": 75.93
      },
      "P15": {
        "assigned_shifts": 12,
        "worked_hours": 58,
        "contract_hours": 120.0,
        "fulfillment_rate": 48.33
      },
      "P16": {
        "assigned_shifts": 14,
        "worked_hours": 67,
        "contract_hours": 120.0,
        "fulfillment_rate": 55.83
      },
      "P17": {
        "assigned_shifts": 11,
        "worked_hours": 54,
        "contract_hours": 114.0,
        "fulfillment_rate": 47.37
      },
      "P18": {
        "assigned_shifts": 16,
        "worked_hours": 86,
        "contract_hours": 120.0,
        "fulfillment_rate": 71.67
      },
      "P19": {
        "assigned_shifts": 15,
        "worked_hours": 59,
        "contract_hours": 126.0,
        "fulfillment_rate": 46.83
      },
      "P20": {
        "assigned_shifts": 15,
        "worked_hours": 83,
        "contract_hours": 108.0,
        "fulfillment_rate": 76.85
      },
      "P21": {
        "assigned_shifts": 15,
        "worked_hours": 78,
        "contract_hours": 126.0,
        "fulfillment_rate": 61.9
      },
      "P22": {
        "assigned_shifts": 13,
        "worked_hours": 72,
        "contract_hours": 120.0,
        "fulfillment_rate": 60.0
      },
      "P23": {
        "assigned_shifts": 12,
        "worked_hours": 55,
        "contract_hours": 120.0,
        "fulfillment_rate": 45.83
      },
      "P24": {
        "assigned_shifts": 14,
        "worked_hours": 66,
        "contract_hours": 108.0,
        "fulfillment_rate": 61.11
      },
      "P25": {
        "assigned_shifts": 12,
        "worked_hours": 62,
        "contract_hours": 126.0,
        "fulfillment_rate": 49.21
      },
      "P26": {
        "assigned_shifts": 16,
        "worked_hours": 76,
        "contract_hours": 120.0,
        "fulfillment_rate": 63.33
      },
      "P27": {
        "assigned_shifts": 16,
        "worked_hours": 82,
        "contract_hours": 108.0,
        "fulfillment_rate": 75.93
      },
      "P28": {
        "assigned_shifts": 15,
        "worked_hours": 71,
        "contract_hours": 108.0,
        "fulfillment_rate": 65.74
      },
      "P29": {
        "assigned_shifts": 16,
        "worked_hours": 88,
        "contract_hours": 126.0,
        "fulfillment_rate": 69.84
      },
      "P30": {
        "assigned_shifts": 16,
        "worked_hours": 93,
        "contract_hours": 120.0,
        "fulfillment_rate": 77.5
      }
    }
  },
  "nsga3": {
    "pareto_size": 1,
    "pareto_objectives": [
      [
        70.6747557997558,
        0.0
      ]
    ],
    "constraint_values": [
      {
        "Z2": 0.25,
        "Z3": 0.005289113477546401
      }
    ],
    "elapsed_time": 1568.3145649433136,
    "generations": 500,
    "n_reference_points": 51,
    "pareto_ranges": {
      "Z1_min": 70.6747557997558,
      "Z1_max": 70.6747557997558,
      "Z4_min": 0.0,
      "Z4_max": 0.0
    },
    "selected_solution": {
      "method": "ideal_point_distance",
      "Z1": 70.6747557997558,
      "Z4": 0.0,
      "Z2": 0.25,
      "Z3": 0.005289113477546401,
      "index": 0
    },
    "extreme_solutions": {
      "max_Z1": {
        "Z1": 70.6747557997558,
        "Z4": 0.0,
        "index": 0
      },
      "min_Z4": {
        "Z1": 70.6747557997558,
        "Z4": 0.0,
        "index": 0
      }
    },
    "p_shift_final": 0.08,
    "p_swap_final": 0.08,
    "p_blockswap_final": 0.05,
    "individual_satisfaction": {
      "P1": 75.0,
      "P2": 64.29,
      "P3": 76.92,
      "P4": 71.43,
      "P5": 75.0,
      "P6": 75.0,
      "P7": 76.92,
      "P8": 76.92,
      "P9": 56.25,
      "P10": 78.57,
      "P11": 75.0,
      "P12": 57.14,
      "P13": 76.92,
      "P14": 75.0,
      "P15": 73.33,
      "P16": 69.23,