{
  "scenario": 2,
  "version": 7,
  "complexity": {
    "level": "CUSTOM",
    "Z2_THRESHOLD": 0.05,
    "Z3_THRESHOLD": 0.003,
    "description": "Custom - Z2≤0.0500, Z3≤0.003000"
  },
  "timestamp": "2026-03-26T08:37:05.836782",
  "run_config": {
    "capacity_flexibility": true,
    "flexibility_min_req": 3,
    "z2_threshold": 0.05,
    "z3_threshold": 0.003,
    "run_label": "EXTREME_TOL1_flex"
  },
  "constraint_thresholds": {
    "Z2": 0.05,
    "Z3": 0.003
  },
  "scenario_info": {
    "personnel_count": 30,
    "days": 21,
    "num_shifts": 5,
    "shift_durations": [
      8,
      5,
      4,
      3,
      4
    ],
    "contract_hours": {
      "P1": 40,
      "P2": 36,
      "P3": 38,
      "P4": 38,
      "P5": 42,
      "P6": 40,
      "P7": 42,
      "P8": 36,
      "P9": 40,
      "P10": 36,
      "P11": 38,
      "P12": 40,
      "P13": 36,
      "P14": 36,
      "P15": 40,
      "P16": 40,
      "P17": 38,
      "P18": 40,
      "P19": 42,
      "P20": 36,
      "P21": 42,
      "P22": 40,
      "P23": 40,
      "P24": 36,
      "P25": 42,
      "P26": 40,
      "P27": 36,
      "P28": 36,
      "P29": 42,
      "P30": 40
    }
  },
  "ga": {
    "best_objectives": [
      73.55906593406594,
      36.0
    ],
    "best_constraints": [
      0.33974358974358976,
      0.008023774044052204
    ],
    "constraints_satisfied": [
      false,
      false
    ],
    "elapsed_time": 527.2469589710236,
    "generations": 500,
    "p_shift_final": 0.08,
    "p_swap_final": 0.08,
    "p_blockswap_final": 0.05,
    "individual_satisfaction": {
      "P1": 75.0,
      "P2": 71.43,
      "P3": 76.92,
      "P4": 78.57,
      "P5": 83.33,
      "P6": 83.33,
      "P7": 69.23,
      "P8": 69.23,
      "P9": 68.75,
      "P10": 78.57,
      "P11": 75.0,
      "P12": 64.29,
      "P13": 84.62,
      "P14": 58.33,
      "P15": 60.0,
      "P16": 69.23,
      "P17": 92.31,
      "P18": 84.62,
      "P19": 66.67,
      "P20": 75.0,
      "P21": 62.5,
      "P22": 68.75,
      "P23": 61.54,
      "P24": 60.0,
      "P25": 71.43,
      "P26": 84.62,
      "P27": 85.71,
      "P28": 68.75,
      "P29": 85.71,
      "P30": 73.33
    },
    "working_hours": {
      "P1": {
        "assigned_shifts": 16,
        "worked_hours": 71,
        "contract_hours": 120.0,
        "fulfillment_rate": 59.17
      },
      "P2": {
        "assigned_shifts": 14,
        "worked_hours": 67,
        "contract_hours": 108.0,
        "fulfillment_rate": 62.04
      },
      "P3": {
        "assigned_shifts": 15,
        "worked_hours": 74,
        "contract_hours": 114.0,
        "fulfillment_rate": 64.91
      },
      "P4": {
        "assigned_shifts": 15,
        "worked_hours": 65,
        "contract_hours": 114.0,
        "fulfillment_rate": 57.02
      },
      "P5": {
        "assigned_shifts": 18,
        "worked_hours": 89,
        "contract_hours": 126.0,
        "fulfillment_rate": 70.63
      },
      "P6": {
        "assigned_shifts": 16,
        "worked_hours": 85,
        "contract_hours": 120.0,
        "fulfillment_rate": 70.83
      },
      "P7": {
        "assigned_shifts": 15,
        "worked_hours": 69,
        "contract_hours": 126.0,
        "fulfillment_rate": 54.76
      },
      "P8": {
        "assigned_shifts": 15,
        "worked_hours": 76,
        "contract_hours": 108.0,
        "fulfillment_rate": 70.37
      },
      "P9": {
        "assigned_shifts": 15,
        "worked_hours": 79,
        "contract_hours": 120.0,
        "fulfillment_rate": 65.83
      },
      "P10": {
        "assigned_shifts": 14,
        "worked_hours": 63,
        "contract_hours": 108.0,
        "fulfillment_rate": 58.33
      },
      "P11": {
        "assigned_shifts": 14,
        "worked_hours": 71,
        "contract_hours": 114.0,
        "fulfillment_rate": 62.28
      },
      "P12": {
        "assigned_shifts": 14,
        "worked_hours": 67,
        "contract_hours": 120.0,
        "fulfillment_rate": 55.83
      },
      "P13": {
        "assigned_shifts": 16,
        "worked_hours": 90,
        "contract_hours": 108.0,
        "fulfillment_rate": 83.33
      },
      "P14": {
        "assigned_shifts": 12,
        "worked_hours": 73,
        "contract_hours": 108.0,
        "fulfillment_rate": 67.59
      },
      "P15": {
        "assigned_shifts": 13,
        "worked_hours": 64,
        "contract_hours": 120.0,
        "fulfillment_rate": 53.33
      },
      "P16": {
        "assigned_shifts": 13,
        "worked_hours": 71,
        "contract_hours": 120.0,
        "fulfillment_rate": 59.17
      },
      "P17": {
        "assigned_shifts": 13,
        "worked_hours": 58,
        "contract_hours": 114.0,
        "fulfillment_rate": 50.88
      },
      "P18": {
        "assigned_shifts": 11,
        "worked_hours": 56,
        "contract_hours": 120.0,
        "fulfillment_rate": 46.67
      },
      "P19": {
        "assigned_shifts": 14,
        "worked_hours": 72,
        "contract_hours": 126.0,
        "fulfillment_rate": 57.14
      },
      "P20": {
        "assigned_shifts": 15,
        "worked_hours": 75,
        "contract_hours": 108.0,
        "fulfillment_rate": 69.44
      },
      "P21": {
        "assigned_shifts": 15,
        "worked_hours": 67,
        "contract_hours": 126.0,
        "fulfillment_rate": 53.17
      },
      "P22": {
        "assigned_shifts": 14,
        "worked_hours": 73,
        "contract_hours": 120.0,
        "fulfillment_rate": 60.83
      },
      "P23": {
        "assigned_shifts": 9,
        "worked_hours": 45,
        "contract_hours": 120.0,
        "fulfillment_rate": 37.5
      },
      "P24": {
        "assigned_shifts": 12,
        "worked_hours": 61,
        "contract_hours": 108.0,
        "fulfillment_rate": 56.48
      },
      "P25": {
        "assigned_shifts": 16,
        "worked_hours": 81,
        "contract_hours": 126.0,
        "fulfillment_rate": 64.29
      },
      "P26": {
        "assigned_shifts": 12,
        "worked_hours": 54,
        "contract_hours": 120.0,
        "fulfillment_rate": 45.0
      },
      "P27": {
        "assigned_shifts": 16,
        "worked_hours": 82,
        "contract_hours": 108.0,
        "fulfillment_rate": 75.93
      },
      "P28": {
        "assigned_shifts": 12,
        "worked_hours": 57,
        "contract_hours": 108.0,
        "fulfillment_rate": 52.78
      },
      "P29": {
        "assigned_shifts": 15,
        "worked_hours": 67,
        "contract_hours": 126.0,
        "fulfillment_rate": 53.17
      },
      "P30": {
        "assigned_shifts": 16,
        "worked_hours": 98,
        "contract_hours": 120.0,
        "fulfillment_rate": 81.67
      }
    }
  },
  "nsga3": {
    "pareto_size": 2,
    "pareto_objectives": [
      [
        70.68391330891332,
        21.0
      ],
      [
        70.40613553113553,
        20.0
      ]
    ],
    "constraint_values": [
      {
        "Z2": 0.1071428571428571,
        "Z3": 0.0008677440833061257
      },
      {
        "Z2": 0.1071428571428571,
        "Z3": 0.0008517269214556308
      }
    ],
    "elapsed_time": 1221.6705679893494,
    "generations": 500,
    "n_reference_points": 51,
    "pareto_ranges": {
      "Z1_min": 70.40613553113553,
      "Z1_max": 70.68391330891332,
      "Z4_min": 20.0,
      "Z4_max": 21.0
    },
    "selected_solution": {
      "method": "ideal_point_distance",
      "Z1": 70.68391330891332,
      "Z4": 21.0,
      "Z2": 0.1071428571428571,
      "Z3": 0.0008677440833061257,
      "index": 0
    },
    "extreme_solutions": {
      "max_Z1": {
        "Z1": 70.68391330891332,
        "Z4": 21.0,
        "index": 0
      },
      "min_Z4": {
        "Z1": 70.40613553113553,
        "Z4": 20.0,
        "index": 1
      }
    },
    "p_shift_final": 0.08,
    "p_swap_final": 0.08,
    "p_blockswap_final": 0.05,
    "individual_satisfaction": {
      "P1": 75.0,
      "P2": 71.43,
      "P3": 69.23,
      "P4": 71.43,
      "P5": 75.0,
      "P6": 75.0,