{
  "scenario": 2,
  "version": 7,
  "complexity": {
    "level": "CUSTOM",
    "Z2_THRESHOLD": 0.15,
    "Z3_THRESHOLD": 0.015,
    "description": "Custom - Z2≤0.1500, Z3≤0.015000"
  },
  "timestamp": "2026-03-26T05:40:41.519739",
  "run_config": {
    "capacity_flexibility": true,
    "flexibility_min_req": 3,
    "z2_threshold": 0.15,
    "z3_threshold": 0.015,
    "run_label": "HARD_TOL1_flex"
  },
  "constraint_thresholds": {
    "Z2": 0.15,
    "Z3": 0.015
  },
  "scenario_info": {
    "personnel_count": 30,
    "days": 21,
    "num_shifts": 5,
    "shift_durations": [
      8,
      5,
      4,
      3,
      4
    ],
    "contract_hours": {
      "P1": 40,
      "P2": 36,
      "P3": 38,
      "P4": 38,
      "P5": 42,
      "P6": 40,
      "P7": 42,
      "P8": 36,
      "P9": 40,
      "P10": 36,
      "P11": 38,
      "P12": 40,
      "P13": 36,
      "P14": 36,
      "P15": 40,
      "P16": 40,
      "P17": 38,
      "P18": 40,
      "P19": 42,
      "P20": 36,
      "P21": 42,
      "P22": 40,
      "P23": 40,
      "P24": 36,
      "P25": 42,
      "P26": 40,
      "P27": 36,
      "P28": 36,
      "P29": 42,
      "P30": 40
    }
  },
  "ga": {
    "best_objectives": [
      71.61126373626377,
      8.0
    ],
    "best_constraints": [
      0.14423076923076927,
      0.0020703963040673216
    ],
    "constraints_satisfied": [
      true,
      true
    ],
    "elapsed_time": 529.9859509468079,
    "generations": 500,
    "p_shift_final": 0.08,
    "p_swap_final": 0.08,
    "p_blockswap_final": 0.05,
    "individual_satisfaction": {
      "P1": 68.75,
      "P2": 71.43,
      "P3": 76.92,
      "P4": 71.43,
      "P5": 75.0,
      "P6": 75.0,
      "P7": 69.23,
      "P8": 69.23,
      "P9": 62.5,
      "P10": 71.43,
      "P11": 75.0,
      "P12": 71.43,
      "P13": 76.92,
      "P14": 75.0,
      "P15": 73.33,
      "P16": 76.92,
      "P17": 76.92,
      "P18": 76.92,
      "P19": 66.67,
      "P20": 75.0,
      "P21": 75.0,
      "P22": 62.5,
      "P23": 69.23,
      "P24": 66.67,
      "P25": 64.29,
      "P26": 76.92,
      "P27": 71.43,
      "P28": 62.5,
      "P29": 71.43,
      "P30": 73.33
    },
    "working_hours": {
      "P1": {
        "assigned_shifts": 16,
        "worked_hours": 71,
        "contract_hours": 120.0,
        "fulfillment_rate": 59.17
      },
      "P2": {
        "assigned_shifts": 15,
        "worked_hours": 79,
        "contract_hours": 108.0,
        "fulfillment_rate": 73.15
      },
      "P3": {
        "assigned_shifts": 15,
        "worked_hours": 74,
        "contract_hours": 114.0,
        "fulfillment_rate": 64.91
      },
      "P4": {
        "assigned_shifts": 17,
        "worked_hours": 76,
        "contract_hours": 114.0,
        "fulfillment_rate": 66.67
      },
      "P5": {
        "assigned_shifts": 16,
        "worked_hours": 80,
        "contract_hours": 126.0,
        "fulfillment_rate": 63.49
      },
      "P6": {
        "assigned_shifts": 13,
        "worked_hours": 70,
        "contract_hours": 120.0,
        "fulfillment_rate": 58.33
      },
      "P7": {
        "assigned_shifts": 13,
        "worked_hours": 53,
        "contract_hours": 126.0,
        "fulfillment_rate": 42.06
      },
      "P8": {
        "assigned_shifts": 15,
        "worked_hours": 76,
        "contract_hours": 108.0,
        "fulfillment_rate": 70.37
      },
      "P9": {
        "assigned_shifts": 14,
        "worked_hours": 75,
        "contract_hours": 120.0,
        "fulfillment_rate": 62.5
      },
      "P10": {
        "assigned_shifts": 15,
        "worked_hours": 71,
        "contract_hours": 108.0,
        "fulfillment_rate": 65.74
      },
      "P11": {
        "assigned_shifts": 16,
        "worked_hours": 83,
        "contract_hours": 114.0,
        "fulfillment_rate": 72.81
      },
      "P12": {
        "assigned_shifts": 14,
        "worked_hours": 67,
        "contract_hours": 120.0,
        "fulfillment_rate": 55.83
      },
      "P13": {
        "assigned_shifts": 14,
        "worked_hours": 82,
        "contract_hours": 108.0,
        "fulfillment_rate": 75.93
      },
      "P14": {
        "assigned_shifts": 13,
        "worked_hours": 74,
        "contract_hours": 108.0,
        "fulfillment_rate": 68.52
      },
      "P15": {
        "assigned_shifts": 16,
        "worked_hours": 80,
        "contract_hours": 120.0,
        "fulfillment_rate": 66.67
      },
      "P16": {
        "assigned_shifts": 14,
        "worked_hours": 76,
        "contract_hours": 120.0,
        "fulfillment_rate": 63.33
      },
      "P17": {
        "assigned_shifts": 17,
        "worked_hours": 84,
        "contract_hours": 114.0,
        "fulfillment_rate": 73.68
      },
      "P18": {
        "assigned_shifts": 17,
        "worked_hours": 96,
        "contract_hours": 120.0,
        "fulfillment_rate": 80.0
      },
      "P19": {
        "assigned_shifts": 15,
        "worked_hours": 71,
        "contract_hours": 126.0,
        "fulfillment_rate": 56.35
      },
      "P20": {
        "assigned_shifts": 16,
        "worked_hours": 79,
        "contract_hours": 108.0,
        "fulfillment_rate": 73.15
      },
      "P21": {
        "assigned_shifts": 17,
        "worked_hours": 74,
        "contract_hours": 126.0,
        "fulfillment_rate": 58.73
      },
      "P22": {
        "assigned_shifts": 15,
        "worked_hours": 80,
        "contract_hours": 120.0,
        "fulfillment_rate": 66.67
      },
      "P23": {
        "assigned_shifts": 11,
        "worked_hours": 50,
        "contract_hours": 120.0,
        "fulfillment_rate": 41.67
      },
      "P24": {
        "assigned_shifts": 15,
        "worked_hours": 77,
        "contract_hours": 108.0,
        "fulfillment_rate": 71.3
      },
      "P25": {
        "assigned_shifts": 12,
        "worked_hours": 60,
        "contract_hours": 126.0,
        "fulfillment_rate": 47.62
      },
      "P26": {
        "assigned_shifts": 12,
        "worked_hours": 53,
        "contract_hours": 120.0,
        "fulfillment_rate": 44.17
      },
      "P27": {
        "assigned_shifts": 11,
        "worked_hours": 55,
        "contract_hours": 108.0,
        "fulfillment_rate": 50.93
      },
      "P28": {
        "assigned_shifts": 14,
        "worked_hours": 68,
        "contract_hours": 108.0,
        "fulfillment_rate": 62.96
      },
      "P29": {
        "assigned_shifts": 14,
        "worked_hours": 67,
        "contract_hours": 126.0,
        "fulfillment_rate": 53.17
      },
      "P30": {
        "assigned_shifts": 15,
        "worked_hours": 91,
        "contract_hours": 120.0,
        "fulfillment_rate": 75.83
      }
    }
  },
  "nsga3": {
    "pareto_size": 4,
    "pareto_objectives": [
      [
        70.28891941391943,
        18.0
      ],
      [
        72.1807081807082,
        21.0
      ],
      [
        71.50763125763127,
        19.0
      ],
      [
        71.97237484737487,
        20.0
      ]
    ],
    "constraint_values": [
      {
        "Z2": 0.14423076923076927,
        "Z3": 0.0018571564634236339
      },
      {
        "Z2": 0.14423076923076927,
        "Z3": 0.0015217099402767909
      },
      {
        "Z2": 0.14423076923076927,
        "Z3": 0.0017163392959638397
      },
      {
        "Z2": 0.14423076923076927,
        "Z3": 0.0015301075033618537
      }
    ],
    "elapsed_time": 1177.6106612682343,
    "generations": 500,
    "n_reference_points": 51,
    "pareto_ranges": {
      "Z1_min": 70.28891941391943,
      "Z1_max": 72.1807081807082,
      "Z4_min": 18.0,
      "Z4_max": 21.0
    },
    "selected_solution": {
      "method": "ideal_point_distance",
      "Z1": 71.50763125763127,
      "Z4": 19.0,
      "Z2": 0.14423076923076927,
      "Z3": 0.0017163392959638397,
      "index": 2
    },
    "extreme_solutions": {
      "max_Z1": {
        "Z1": 72.1807081807082,
        "Z4": 21.0,
        "index": 1
      },
      "min_Z4": {
        "Z1": 70.28891941391943,