{
  "scenario": 3,
  "version": 7,
  "complexity": {
    "level": "CUSTOM",
    "Z2_THRESHOLD": 0.05,
    "Z3_THRESHOLD": 0.003,
    "description": "Custom - Z2≤0.0500, Z3≤0.003000"
  },
  "timestamp": "2026-03-26T09:06:21.422125",
  "run_config": {
    "capacity_flexibility": false,
    "flexibility_min_req": 3,
    "z2_threshold": 0.05,
    "z3_threshold": 0.003,
    "run_label": "EXTREME_TOL0_exact"
  },
  "constraint_thresholds": {
    "Z2": 0.05,
    "Z3": 0.003
  },
  "scenario_info": {
    "personnel_count": 30,
    "days": 21,
    "num_shifts": 6,
    "shift_durations": [
      4,
      4,
      4,
      4,
      4,
      4
    ],
    "contract_hours": {
      "P1": 40,
      "P2": 36,
      "P3": 38,
      "P4": 38,
      "P5": 42,
      "P6": 40,
      "P7": 42,
      "P8": 36,
      "P9": 40,
      "P10": 36,
      "P11": 38,
      "P12": 40,
      "P13": 36,
      "P14": 36,
      "P15": 40,
      "P16": 40,
      "P17": 38,
      "P18": 40,
      "P19": 42,
      "P20": 36,
      "P21": 42,
      "P22": 40,
      "P23": 40,
      "P24": 36,
      "P25": 42,
      "P26": 40,
      "P27": 36,
      "P28": 36,
      "P29": 42,
      "P30": 40
    }
  },
  "ga": {
    "best_objectives": [
      69.66495187818718,
      0.0
    ],
    "best_constraints": [
      0.2791666666666667,
      0.0063174649150003715
    ],
    "constraints_satisfied": [
      false,
      false
    ],
    "elapsed_time": 565.9284677505493,
    "generations": 500,
    "p_shift_final": 0.08,
    "p_swap_final": 0.08,
    "p_blockswap_final": 0.05,
    "individual_satisfaction": {
      "P1": 60.0,
      "P2": 61.54,
      "P3": 81.25,
      "P4": 80.0,
      "P5": 61.54,
      "P6": 73.33,
      "P7": 76.92,
      "P8": 69.23,
      "P9": 76.92,
      "P10": 78.57,
      "P11": 71.43,
      "P12": 69.23,
      "P13": 75.0,
      "P14": 60.0,
      "P15": 53.33,
      "P16": 76.92,
      "P17": 66.67,
      "P18": 78.57,
      "P19": 76.92,
      "P20": 66.67,
      "P21": 66.67,
      "P22": 81.25,
      "P23": 68.75,
      "P24": 73.33,
      "P25": 71.43,
      "P26": 68.75,
      "P27": 53.33,
      "P28": 71.43,
      "P29": 64.71,
      "P30": 56.25
    },
    "working_hours": {
      "P1": {
        "assigned_shifts": 13,
        "worked_hours": 52,
        "contract_hours": 120.0,
        "fulfillment_rate": 43.33
      },
      "P2": {
        "assigned_shifts": 12,
        "worked_hours": 48,
        "contract_hours": 108.0,
        "fulfillment_rate": 44.44
      },
      "P3": {
        "assigned_shifts": 16,
        "worked_hours": 64,
        "contract_hours": 114.0,
        "fulfillment_rate": 56.14
      },
      "P4": {
        "assigned_shifts": 14,
        "worked_hours": 56,
        "contract_hours": 114.0,
        "fulfillment_rate": 49.12
      },
      "P5": {
        "assigned_shifts": 13,
        "worked_hours": 52,
        "contract_hours": 126.0,
        "fulfillment_rate": 41.27
      },
      "P6": {
        "assigned_shifts": 16,
        "worked_hours": 64,
        "contract_hours": 120.0,
        "fulfillment_rate": 53.33
      },
      "P7": {
        "assigned_shifts": 14,
        "worked_hours": 56,
        "contract_hours": 126.0,
        "fulfillment_rate": 44.44
      },
      "P8": {
        "assigned_shifts": 12,
        "worked_hours": 48,
        "contract_hours": 108.0,
        "fulfillment_rate": 44.44
      },
      "P9": {
        "assigned_shifts": 18,
        "worked_hours": 72,
        "contract_hours": 120.0,
        "fulfillment_rate": 60.0
      },
      "P10": {
        "assigned_shifts": 14,
        "worked_hours": 56,
        "contract_hours": 108.0,
        "fulfillment_rate": 51.85
      },
      "P11": {
        "assigned_shifts": 15,
        "worked_hours": 60,
        "contract_hours": 114.0,
        "fulfillment_rate": 52.63
      },
      "P12": {
        "assigned_shifts": 13,
        "worked_hours": 52,
        "contract_hours": 120.0,
        "fulfillment_rate": 43.33
      },
      "P13": {
        "assigned_shifts": 14,
        "worked_hours": 56,
        "contract_hours": 108.0,
        "fulfillment_rate": 51.85
      },
      "P14": {
        "assigned_shifts": 12,
        "worked_hours": 48,
        "contract_hours": 108.0,
        "fulfillment_rate": 44.44
      },
      "P15": {
        "assigned_shifts": 11,
        "worked_hours": 44,
        "contract_hours": 120.0,
        "fulfillment_rate": 36.67
      },
      "P16": {
        "assigned_shifts": 11,
        "worked_hours": 44,
        "contract_hours": 120.0,
        "fulfillment_rate": 36.67
      },
      "P17": {
        "assigned_shifts": 15,
        "worked_hours": 60,
        "contract_hours": 114.0,
        "fulfillment_rate": 52.63
      },
      "P18": {
        "assigned_shifts": 15,
        "worked_hours": 60,
        "contract_hours": 120.0,
        "fulfillment_rate": 50.0
      },
      "P19": {
        "assigned_shifts": 15,
        "worked_hours": 60,
        "contract_hours": 126.0,
        "fulfillment_rate": 47.62
      },
      "P20": {
        "assigned_shifts": 11,
        "worked_hours": 44,
        "contract_hours": 108.0,
        "fulfillment_rate": 40.74
      },
      "P21": {
        "assigned_shifts": 18,
        "worked_hours": 72,
        "contract_hours": 126.0,
        "fulfillment_rate": 57.14
      },
      "P22": {
        "assigned_shifts": 18,
        "worked_hours": 72,
        "contract_hours": 120.0,
        "fulfillment_rate": 60.0
      },
      "P23": {
        "assigned_shifts": 18,
        "worked_hours": 72,
        "contract_hours": 120.0,
        "fulfillment_rate": 60.0
      },
      "P24": {
        "assigned_shifts": 16,
        "worked_hours": 64,
        "contract_hours": 108.0,
        "fulfillment_rate": 59.26
      },
      "P25": {
        "assigned_shifts": 15,
        "worked_hours": 60,
        "contract_hours": 126.0,
        "fulfillment_rate": 47.62
      },
      "P26": {
        "assigned_shifts": 14,
        "worked_hours": 56,
        "contract_hours": 120.0,
        "fulfillment_rate": 46.67
      },
      "P27": {
        "assigned_shifts": 16,
        "worked_hours": 64,
        "contract_hours": 108.0,
        "fulfillment_rate": 59.26
      },
      "P28": {
        "assigned_shifts": 14,
        "worked_hours": 56,
        "contract_hours": 108.0,
        "fulfillment_rate": 51.85
      },
      "P29": {
        "assigned_shifts": 16,
        "worked_hours": 64,
        "contract_hours": 126.0,
        "fulfillment_rate": 50.79
      },
      "P30": {
        "assigned_shifts": 13,
        "worked_hours": 52,
        "contract_hours": 120.0,
        "fulfillment_rate": 43.33
      }
    }
  },
  "nsga3": {
    "pareto_size": 1,
    "pareto_objectives": [
      [
        69.58035265388207,
        0.0
      ]
    ],
    "constraint_values": [
      {
        "Z2": 0.06666666666666665,
        "Z3": 0.00043495608154181986
      }
    ],
    "elapsed_time": 1308.1226098537445,
    "generations": 500,
    "n_reference_points": 51,
    "pareto_ranges": {
      "Z1_min": 69.58035265388207,
      "Z1_max": 69.58035265388207,
      "Z4_min": 0.0,
      "Z4_max": 0.0
    },
    "selected_solution": {
      "method": "ideal_point_distance",
      "Z1": 69.58035265388207,
      "Z4": 0.0,
      "Z2": 0.06666666666666665,
      "Z3": 0.00043495608154181986,
      "index": 0
    },
    "extreme_solutions": {
      "max_Z1": {
        "Z1": 69.58035265388207,
        "Z4": 0.0,
        "index": 0
      },
      "min_Z4": {
        "Z1": 69.58035265388207,
        "Z4": 0.0,
        "index": 0
      }
    },
    "p_shift_final": 0.08,
    "p_swap_final": 0.08,
    "p_blockswap_final": 0.05,
    "individual_satisfaction": {
      "P1": 66.67,
      "P2": 69.23,
      "P3": 68.75,
      "P4": 73.33,
      "P5": 69.23,
      "P6": 73.33,
      "P7": 69.23,
      "P8": 69.23,
      "P9": 69.23,
      "P10": 71.43,
      "P11": 71.43,
      "P12": 69.23,
      "P13": 68.75,