{
  "scenario": 1,
  "version": 7,
  "complexity": {
    "level": "CUSTOM",
    "Z2_THRESHOLD": 0.15,
    "Z3_THRESHOLD": 0.015,
    "description": "Custom - Z2≤0.1500, Z3≤0.015000"
  },
  "timestamp": "2026-03-26T04:12:50.084329",
  "run_config": {
    "capacity_flexibility": false,
    "flexibility_min_req": 3,
    "z2_threshold": 0.15,
    "z3_threshold": 0.015,
    "run_label": "HARD_TOL0_exact"
  },
  "constraint_thresholds": {
    "Z2": 0.15,
    "Z3": 0.015
  },
  "scenario_info": {
    "personnel_count": 30,
    "days": 21,
    "num_shifts": 4,
    "shift_durations": [
      6,
      6,
      6,
      6
    ],
    "contract_hours": {
      "P1": 40,
      "P2": 36,
      "P3": 38,
      "P4": 38,
      "P5": 42,
      "P6": 40,
      "P7": 42,
      "P8": 36,
      "P9": 40,
      "P10": 36,
      "P11": 38,
      "P12": 40,
      "P13": 36,
      "P14": 36,
      "P15": 40,
      "P16": 40,
      "P17": 38,
      "P18": 40,
      "P19": 42,
      "P20": 36,
      "P21": 42,
      "P22": 40,
      "P23": 40,
      "P24": 36,
      "P25": 42,
      "P26": 40,
      "P27": 36,
      "P28": 36,
      "P29": 42,
      "P30": 40
    }
  },
  "ga": {
    "best_objectives": [
      69.71481541334482,
      0.0
    ],
    "best_constraints": [
      0.15000000000000002,
      0.0015361014127018965
    ],
    "constraints_satisfied": [
      true,
      true
    ],
    "elapsed_time": 617.0881111621857,
    "generations": 500,
    "p_shift_final": 0.08,
    "p_swap_final": 0.08,
    "p_blockswap_final": 0.05,
    "individual_satisfaction": {
      "P1": 68.75,
      "P2": 68.75,
      "P3": 73.33,
      "P4": 70.59,
      "P5": 71.43,
      "P6": 73.33,
      "P7": 75.0,
      "P8": 73.33,
      "P9": 68.75,
      "P10": 66.67,
      "P11": 73.33,
      "P12": 75.0,
      "P13": 69.23,
      "P14": 64.29,
      "P15": 69.23,
      "P16": 69.23,
      "P17": 69.23,
      "P18": 71.43,
      "P19": 73.33,
      "P20": 71.43,
      "P21": 64.29,
      "P22": 69.23,
      "P23": 61.54,
      "P24": 62.5,
      "P25": 73.33,
      "P26": 60.0,
      "P27": 69.23,
      "P28": 75.0,
      "P29": 69.23,
      "P30": 71.43
    },
    "working_hours": {
      "P1": {
        "assigned_shifts": 13,
        "worked_hours": 78,
        "contract_hours": 120.0,
        "fulfillment_rate": 65.0
      },
      "P2": {
        "assigned_shifts": 16,
        "worked_hours": 96,
        "contract_hours": 108.0,
        "fulfillment_rate": 88.89
      },
      "P3": {
        "assigned_shifts": 14,
        "worked_hours": 84,
        "contract_hours": 114.0,
        "fulfillment_rate": 73.68
      },
      "P4": {
        "assigned_shifts": 14,
        "worked_hours": 84,
        "contract_hours": 114.0,
        "fulfillment_rate": 73.68
      },
      "P5": {
        "assigned_shifts": 14,
        "worked_hours": 84,
        "contract_hours": 126.0,
        "fulfillment_rate": 66.67
      },
      "P6": {
        "assigned_shifts": 16,
        "worked_hours": 96,
        "contract_hours": 120.0,
        "fulfillment_rate": 80.0
      },
      "P7": {
        "assigned_shifts": 15,
        "worked_hours": 90,
        "contract_hours": 126.0,
        "fulfillment_rate": 71.43
      },
      "P8": {
        "assigned_shifts": 13,
        "worked_hours": 78,
        "contract_hours": 108.0,
        "fulfillment_rate": 72.22
      },
      "P9": {
        "assigned_shifts": 13,
        "worked_hours": 78,
        "contract_hours": 120.0,
        "fulfillment_rate": 65.0
      },
      "P10": {
        "assigned_shifts": 14,
        "worked_hours": 84,
        "contract_hours": 108.0,
        "fulfillment_rate": 77.78
      },
      "P11": {
        "assigned_shifts": 16,
        "worked_hours": 96,
        "contract_hours": 114.0,
        "fulfillment_rate": 84.21
      },
      "P12": {
        "assigned_shifts": 14,
        "worked_hours": 84,
        "contract_hours": 120.0,
        "fulfillment_rate": 70.0
      },
      "P13": {
        "assigned_shifts": 12,
        "worked_hours": 72,
        "contract_hours": 108.0,
        "fulfillment_rate": 66.67
      },
      "P14": {
        "assigned_shifts": 16,
        "worked_hours": 96,
        "contract_hours": 108.0,
        "fulfillment_rate": 88.89
      },
      "P15": {
        "assigned_shifts": 14,
        "worked_hours": 84,
        "contract_hours": 120.0,
        "fulfillment_rate": 70.0
      },
      "P16": {
        "assigned_shifts": 16,
        "worked_hours": 96,
        "contract_hours": 120.0,
        "fulfillment_rate": 80.0
      },
      "P17": {
        "assigned_shifts": 14,
        "worked_hours": 84,
        "contract_hours": 114.0,
        "fulfillment_rate": 73.68
      },
      "P18": {
        "assigned_shifts": 16,
        "worked_hours": 96,
        "contract_hours": 120.0,
        "fulfillment_rate": 80.0
      },
      "P19": {
        "assigned_shifts": 17,
        "worked_hours": 102,
        "contract_hours": 126.0,
        "fulfillment_rate": 80.95
      },
      "P20": {
        "assigned_shifts": 15,
        "worked_hours": 90,
        "contract_hours": 108.0,
        "fulfillment_rate": 83.33
      },
      "P21": {
        "assigned_shifts": 15,
        "worked_hours": 90,
        "contract_hours": 126.0,
        "fulfillment_rate": 71.43
      },
      "P22": {
        "assigned_shifts": 11,
        "worked_hours": 66,
        "contract_hours": 120.0,
        "fulfillment_rate": 55.0
      },
      "P23": {
        "assigned_shifts": 14,
        "worked_hours": 84,
        "contract_hours": 120.0,
        "fulfillment_rate": 70.0
      },
      "P24": {
        "assigned_shifts": 16,
        "worked_hours": 96,
        "contract_hours": 108.0,
        "fulfillment_rate": 88.89
      },
      "P25": {
        "assigned_shifts": 14,
        "worked_hours": 84,
        "contract_hours": 126.0,
        "fulfillment_rate": 66.67
      },
      "P26": {
        "assigned_shifts": 15,
        "worked_hours": 90,
        "contract_hours": 120.0,
        "fulfillment_rate": 75.0
      },
      "P27": {
        "assigned_shifts": 13,
        "worked_hours": 78,
        "contract_hours": 108.0,
        "fulfillment_rate": 72.22
      },
      "P28": {
        "assigned_shifts": 16,
        "worked_hours": 96,
        "contract_hours": 108.0,
        "fulfillment_rate": 88.89
      },
      "P29": {
        "assigned_shifts": 11,
        "worked_hours": 66,
        "contract_hours": 126.0,
        "fulfillment_rate": 52.38
      },
      "P30": {
        "assigned_shifts": 17,
        "worked_hours": 102,
        "contract_hours": 120.0,
        "fulfillment_rate": 85.0
      }
    }
  },
  "nsga3": {
    "pareto_size": 1,
    "pareto_objectives": [
      [
        69.93525102348632,
        0.0
      ]
    ],
    "constraint_values": [
      {
        "Z2": 0.14423076923076927,
        "Z3": 0.0017608950087944066
      }
    ],
    "elapsed_time": 1298.8523797988892,
    "generations": 500,
    "n_reference_points": 51,
    "pareto_ranges": {
      "Z1_min": 69.93525102348632,
      "Z1_max": 69.93525102348632,
      "Z4_min": 0.0,
      "Z4_max": 0.0
    },
    "selected_solution": {
      "method": "ideal_point_distance",
      "Z1": 69.93525102348632,
      "Z4": 0.0,
      "Z2": 0.14423076923076927,
      "Z3": 0.0017608950087944066,
      "index": 0
    },
    "extreme_solutions": {
      "max_Z1": {
        "Z1": 69.93525102348632,
        "Z4": 0.0,
        "index": 0
      },
      "min_Z4": {
        "Z1": 69.93525102348632,
        "Z4": 0.0,
        "index": 0
      }
    },
    "p_shift_final": 0.08,
    "p_swap_final": 0.08,
    "p_blockswap_final": 0.05,
    "individual_satisfaction": {
      "P1": 62.5,
      "P2": 62.5,
      "P3": 66.67,
      "P4": 64.71,
      "P5": 71.43,
      "P6": 73.33,
      "P7": 75.0,
      "P8": 66.67,
      "P9": 68.75,
      "P10": 66.67,
      "P11": 73.33,
      "P12": 75.0,
      "P13": 69.23,
      "P14": 71.43,
      "P15": 69.23,