{
  "scenario": 3,
  "version": 7,
  "complexity": {
    "level": "CUSTOM",
    "Z2_THRESHOLD": 0.15,
    "Z3_THRESHOLD": 0.015,
    "description": "Custom - Z2≤0.1500, Z3≤0.015000"
  },
  "timestamp": "2026-03-26T06:09:16.257875",
  "run_config": {
    "capacity_flexibility": false,
    "flexibility_min_req": 3,
    "z2_threshold": 0.15,
    "z3_threshold": 0.015,
    "run_label": "HARD_TOL0_exact"
  },
  "constraint_thresholds": {
    "Z2": 0.15,
    "Z3": 0.015
  },
  "scenario_info": {
    "personnel_count": 30,
    "days": 21,
    "num_shifts": 6,
    "shift_durations": [
      4,
      4,
      4,
      4,
      4,
      4
    ],
    "contract_hours": {
      "P1": 40,
      "P2": 36,
      "P3": 38,
      "P4": 38,
      "P5": 42,
      "P6": 40,
      "P7": 42,
      "P8": 36,
      "P9": 40,
      "P10": 36,
      "P11": 38,
      "P12": 40,
      "P13": 36,
      "P14": 36,
      "P15": 40,
      "P16": 40,
      "P17": 38,
      "P18": 40,
      "P19": 42,
      "P20": 36,
      "P21": 42,
      "P22": 40,
      "P23": 40,
      "P24": 36,
      "P25": 42,
      "P26": 40,
      "P27": 36,
      "P28": 36,
      "P29": 42,
      "P30": 40
    }
  },
  "ga": {
    "best_objectives": [
      69.77102635926165,
      0.0
    ],
    "best_constraints": [
      0.14423076923076927,
      0.0017957594893225385
    ],
    "constraints_satisfied": [
      true,
      true
    ],
    "elapsed_time": 544.705988407135,
    "generations": 500,
    "p_shift_final": 0.08,
    "p_swap_final": 0.08,
    "p_blockswap_final": 0.05,
    "individual_satisfaction": {
      "P1": 66.67,
      "P2": 76.92,
      "P3": 68.75,
      "P4": 73.33,
      "P5": 69.23,
      "P6": 73.33,
      "P7": 69.23,
      "P8": 76.92,
      "P9": 76.92,
      "P10": 71.43,
      "P11": 71.43,
      "P12": 76.92,
      "P13": 62.5,
      "P14": 66.67,
      "P15": 66.67,
      "P16": 69.23,
      "P17": 66.67,
      "P18": 71.43,
      "P19": 69.23,
      "P20": 66.67,
      "P21": 73.33,
      "P22": 68.75,
      "P23": 62.5,
      "P24": 66.67,
      "P25": 71.43,
      "P26": 75.0,
      "P27": 66.67,
      "P28": 71.43,
      "P29": 64.71,
      "P30": 62.5
    },
    "working_hours": {
      "P1": {
        "assigned_shifts": 20,
        "worked_hours": 80,
        "contract_hours": 120.0,
        "fulfillment_rate": 66.67
      },
      "P2": {
        "assigned_shifts": 11,
        "worked_hours": 44,
        "contract_hours": 108.0,
        "fulfillment_rate": 40.74
      },
      "P3": {
        "assigned_shifts": 17,
        "worked_hours": 68,
        "contract_hours": 114.0,
        "fulfillment_rate": 59.65
      },
      "P4": {
        "assigned_shifts": 14,
        "worked_hours": 56,
        "contract_hours": 114.0,
        "fulfillment_rate": 49.12
      },
      "P5": {
        "assigned_shifts": 11,
        "worked_hours": 44,
        "contract_hours": 126.0,
        "fulfillment_rate": 34.92
      },
      "P6": {
        "assigned_shifts": 13,
        "worked_hours": 52,
        "contract_hours": 120.0,
        "fulfillment_rate": 43.33
      },
      "P7": {
        "assigned_shifts": 14,
        "worked_hours": 56,
        "contract_hours": 126.0,
        "fulfillment_rate": 44.44
      },
      "P8": {
        "assigned_shifts": 15,
        "worked_hours": 60,
        "contract_hours": 108.0,
        "fulfillment_rate": 55.56
      },
      "P9": {
        "assigned_shifts": 14,
        "worked_hours": 56,
        "contract_hours": 120.0,
        "fulfillment_rate": 46.67
      },
      "P10": {
        "assigned_shifts": 17,
        "worked_hours": 68,
        "contract_hours": 108.0,
        "fulfillment_rate": 62.96
      },
      "P11": {
        "assigned_shifts": 11,
        "worked_hours": 44,
        "contract_hours": 114.0,
        "fulfillment_rate": 38.6
      },
      "P12": {
        "assigned_shifts": 15,
        "worked_hours": 60,
        "contract_hours": 120.0,
        "fulfillment_rate": 50.0
      },
      "P13": {
        "assigned_shifts": 17,
        "worked_hours": 68,
        "contract_hours": 108.0,
        "fulfillment_rate": 62.96
      },
      "P14": {
        "assigned_shifts": 14,
        "worked_hours": 56,
        "contract_hours": 108.0,
        "fulfillment_rate": 51.85
      },
      "P15": {
        "assigned_shifts": 12,
        "worked_hours": 48,
        "contract_hours": 120.0,
        "fulfillment_rate": 40.0
      },
      "P16": {
        "assigned_shifts": 13,
        "worked_hours": 52,
        "contract_hours": 120.0,
        "fulfillment_rate": 43.33
      },
      "P17": {
        "assigned_shifts": 11,
        "worked_hours": 44,
        "contract_hours": 114.0,
        "fulfillment_rate": 38.6
      },
      "P18": {
        "assigned_shifts": 12,
        "worked_hours": 48,
        "contract_hours": 120.0,
        "fulfillment_rate": 40.0
      },
      "P19": {
        "assigned_shifts": 12,
        "worked_hours": 48,
        "contract_hours": 126.0,
        "fulfillment_rate": 38.1
      },
      "P20": {
        "assigned_shifts": 13,
        "worked_hours": 52,
        "contract_hours": 108.0,
        "fulfillment_rate": 48.15
      },
      "P21": {
        "assigned_shifts": 18,
        "worked_hours": 72,
        "contract_hours": 126.0,
        "fulfillment_rate": 57.14
      },
      "P22": {
        "assigned_shifts": 16,
        "worked_hours": 64,
        "contract_hours": 120.0,
        "fulfillment_rate": 53.33
      },
      "P23": {
        "assigned_shifts": 16,
        "worked_hours": 64,
        "contract_hours": 120.0,
        "fulfillment_rate": 53.33
      },
      "P24": {
        "assigned_shifts": 17,
        "worked_hours": 68,
        "contract_hours": 108.0,
        "fulfillment_rate": 62.96
      },
      "P25": {
        "assigned_shifts": 13,
        "worked_hours": 52,
        "contract_hours": 126.0,
        "fulfillment_rate": 41.27
      },
      "P26": {
        "assigned_shifts": 16,
        "worked_hours": 64,
        "contract_hours": 120.0,
        "fulfillment_rate": 53.33
      },
      "P27": {
        "assigned_shifts": 16,
        "worked_hours": 64,
        "contract_hours": 108.0,
        "fulfillment_rate": 59.26
      },
      "P28": {
        "assigned_shifts": 13,
        "worked_hours": 52,
        "contract_hours": 108.0,
        "fulfillment_rate": 48.15
      },
      "P29": {
        "assigned_shifts": 14,
        "worked_hours": 56,
        "contract_hours": 126.0,
        "fulfillment_rate": 44.44
      },
      "P30": {
        "assigned_shifts": 17,
        "worked_hours": 68,
        "contract_hours": 120.0,
        "fulfillment_rate": 56.67
      }
    }
  },
  "nsga3": {
    "pareto_size": 1,
    "pareto_objectives": [
      [
        68.9120520002873,
        0.0
      ]
    ],
    "constraint_values": [
      {
        "Z2": 0.15000000000000002,
        "Z3": 0.001732031144598717
      }
    ],
    "elapsed_time": 1292.6991012096405,
    "generations": 500,
    "n_reference_points": 51,
    "pareto_ranges": {
      "Z1_min": 68.9120520002873,
      "Z1_max": 68.9120520002873,
      "Z4_min": 0.0,
      "Z4_max": 0.0
    },
    "selected_solution": {
      "method": "ideal_point_distance",
      "Z1": 68.9120520002873,
      "Z4": 0.0,
      "Z2": 0.15000000000000002,
      "Z3": 0.001732031144598717,
      "index": 0
    },
    "extreme_solutions": {
      "max_Z1": {
        "Z1": 68.9120520002873,
        "Z4": 0.0,
        "index": 0
      },
      "min_Z4": {
        "Z1": 68.9120520002873,
        "Z4": 0.0,
        "index": 0
      }
    },
    "p_shift_final": 0.08,
    "p_swap_final": 0.08,
    "p_blockswap_final": 0.05,
    "individual_satisfaction": {
      "P1": 60.0,
      "P2": 69.23,
      "P3": 68.75,
      "P4": 73.33,
      "P5": 69.23,
      "P6": 73.33,
      "P7": 69.23,
      "P8": 69.23,
      "P9": 69.23,
      "P10": 71.43,
      "P11": 71.43,
      "P12": 69.23,
      "P13": 75.0,
      "P14": 60.0,